_id,who,uid,date,text
7,litecoin,102,Fri Feb 19 2021 14:11:39 GMT+0902 (대한민국 표준시),1HELLO
8,elonmusk,103,Fri Feb 19 2021 14:11:39 GMT+0903 (대한민국 표준시),2HELLO
9,hashgraph,104,Fri Feb 19 2021 14:11:39 GMT+0904 (대한민국 표준시),3HELLO
10,bitcoingold,105,Fri Feb 19 2021 14:11:39 GMT+0905 (대한민국 표준시),4HELLO
11,litecoin,106,Fri Feb 19 2021 14:11:39 GMT+0906 (대한민국 표준시),5HELLO
12,elonmusk,107,Fri Feb 19 2021 14:11:39 GMT+0907 (대한민국 표준시),6HELLO
13,hashgraph,108,Fri Feb 19 2021 14:11:39 GMT+0908 (대한민국 표준시),7HELLO
14,bitcoingold,109,Fri Feb 19 2021 14:11:39 GMT+0909 (대한민국 표준시),8HELLO
15,litecoin,110,Fri Feb 19 2021 14:11:39 GMT+0910 (대한민국 표준시),9HELLO
16,elonmusk,111,Fri Feb 19 2021 14:11:39 GMT+0911 (대한민국 표준시),10HELLO
17,hashgraph,112,Fri Feb 19 2021 14:11:39 GMT+0912 (대한민국 표준시),11HELLO
18,bitcoingold,113,Fri Feb 19 2021 14:11:39 GMT+0913 (대한민국 표준시),12HELLO
19,litecoin,114,Fri Feb 19 2021 14:11:39 GMT+0914 (대한민국 표준시),13HELLO
20,elonmusk,115,Fri Feb 19 2021 14:11:39 GMT+0915 (대한민국 표준시),14HELLO
21,hashgraph,116,Fri Feb 19 2021 14:11:39 GMT+0916 (대한민국 표준시),15HELLO
22,bitcoingold,117,Fri Feb 19 2021 14:11:39 GMT+0917 (대한민국 표준시),16HELLO
23,litecoin,118,Fri Feb 19 2021 14:11:39 GMT+0918 (대한민국 표준시),17HELLO
24,elonmusk,119,Fri Feb 19 2021 14:11:39 GMT+0919 (대한민국 표준시),18HELLO
25,hashgraph,120,Fri Feb 19 2021 14:11:39 GMT+0920 (대한민국 표준시),19HELLO
26,bitcoingold,121,Fri Feb 19 2021 14:11:39 GMT+0921 (대한민국 표준시),20HELLO
27,litecoin,122,Fri Feb 19 2021 14:11:39 GMT+0922 (대한민국 표준시),21HELLO
28,elonmusk,123,Fri Feb 19 2021 14:11:39 GMT+0923 (대한민국 표준시),22HELLO
29,hashgraph,124,Fri Feb 19 2021 14:11:39 GMT+0924 (대한민국 표준시),23HELLO
30,bitcoingold,125,Fri Feb 19 2021 14:11:39 GMT+0925 (대한민국 표준시),24HELLO
31,litecoin,126,Fri Feb 19 2021 14:11:39 GMT+0926 (대한민국 표준시),25HELLO
32,elonmusk,127,Fri Feb 19 2021 14:11:39 GMT+0927 (대한민국 표준시),26HELLO
33,hashgraph,128,Fri Feb 19 2021 14:11:39 GMT+0928 (대한민국 표준시),27HELLO
34,bitcoingold,129,Fri Feb 19 2021 14:11:39 GMT+0929 (대한민국 표준시),28HELLO
35,litecoin,130,Fri Feb 19 2021 14:11:39 GMT+0930 (대한민국 표준시),29HELLO
36,elonmusk,131,Fri Feb 19 2021 14:11:39 GMT+0931 (대한민국 표준시),30HELLO
37,hashgraph,132,Fri Feb 19 2021 14:11:39 GMT+0932 (대한민국 표준시),31HELLO
38,bitcoingold,133,Fri Feb 19 2021 14:11:39 GMT+0933 (대한민국 표준시),32HELLO
39,litecoin,134,Fri Feb 19 2021 14:11:39 GMT+0934 (대한민국 표준시),33HELLO
40,elonmusk,135,Fri Feb 19 2021 14:11:39 GMT+0935 (대한민국 표준시),34HELLO
41,hashgraph,136,Fri Feb 19 2021 14:11:39 GMT+0936 (대한민국 표준시),35HELLO
42,bitcoingold,137,Fri Feb 19 2021 14:11:39 GMT+0937 (대한민국 표준시),36HELLO
43,litecoin,138,Fri Feb 19 2021 14:11:39 GMT+0938 (대한민국 표준시),37HELLO
44,elonmusk,139,Fri Feb 19 2021 14:11:39 GMT+0939 (대한민국 표준시),38HELLO
45,hashgraph,140,Fri Feb 19 2021 14:11:39 GMT+0940 (대한민국 표준시),39HELLO
46,bitcoingold,141,Fri Feb 19 2021 14:11:39 GMT+0941 (대한민국 표준시),40HELLO
47,litecoin,142,Fri Feb 19 2021 14:11:39 GMT+0942 (대한민국 표준시),41HELLO
48,elonmusk,143,Fri Feb 19 2021 14:11:39 GMT+0943 (대한민국 표준시),42HELLO
49,hashgraph,144,Fri Feb 19 2021 14:11:39 GMT+0944 (대한민국 표준시),43HELLO
50,bitcoingold,145,Fri Feb 19 2021 14:11:39 GMT+0945 (대한민국 표준시),44HELLO
51,litecoin,146,Fri Feb 19 2021 14:11:39 GMT+0946 (대한민국 표준시),45HELLO
52,elonmusk,147,Fri Feb 19 2021 14:11:39 GMT+0947 (대한민국 표준시),46HELLO
53,hashgraph,148,Fri Feb 19 2021 14:11:39 GMT+0948 (대한민국 표준시),47HELLO
54,bitcoingold,149,Fri Feb 19 2021 14:11:39 GMT+0949 (대한민국 표준시),48HELLO
55,litecoin,150,Fri Feb 19 2021 14:11:39 GMT+0950 (대한민국 표준시),49HELLO
56,elonmusk,151,Fri Feb 19 2021 14:11:39 GMT+0951 (대한민국 표준시),50HELLO
57,hashgraph,152,Fri Feb 19 2021 14:11:39 GMT+0952 (대한민국 표준시),51HELLO
58,bitcoingold,153,Fri Feb 19 2021 14:11:39 GMT+0953 (대한민국 표준시),52HELLO
59,litecoin,154,Fri Feb 19 2021 14:11:39 GMT+0954 (대한민국 표준시),53HELLO
60,elonmusk,155,Fri Feb 19 2021 14:11:39 GMT+0955 (대한민국 표준시),54HELLO
61,hashgraph,156,Fri Feb 19 2021 14:11:39 GMT+0956 (대한민국 표준시),55HELLO
62,bitcoingold,157,Fri Feb 19 2021 14:11:39 GMT+0957 (대한민국 표준시),56HELLO
63,litecoin,158,Fri Feb 19 2021 14:11:39 GMT+0958 (대한민국 표준시),57HELLO
64,elonmusk,159,Fri Feb 19 2021 14:11:39 GMT+0959 (대한민국 표준시),58HELLO
65,hashgraph,160,Fri Feb 19 2021 14:11:39 GMT+0960 (대한민국 표준시),59HELLO
66,bitcoingold,161,Fri Feb 19 2021 14:11:39 GMT+0961 (대한민국 표준시),60HELLO
67,litecoin,162,Fri Feb 19 2021 14:11:39 GMT+0962 (대한민국 표준시),61HELLO
68,elonmusk,163,Fri Feb 19 2021 14:11:39 GMT+0963 (대한민국 표준시),62HELLO
69,hashgraph,164,Fri Feb 19 2021 14:11:39 GMT+0964 (대한민국 표준시),63HELLO
70,bitcoingold,165,Fri Feb 19 2021 14:11:39 GMT+0965 (대한민국 표준시),64HELLO
71,litecoin,166,Fri Feb 19 2021 14:11:39 GMT+0966 (대한민국 표준시),65HELLO
72,elonmusk,167,Fri Feb 19 2021 14:11:39 GMT+0967 (대한민국 표준시),66HELLO
73,hashgraph,168,Fri Feb 19 2021 14:11:39 GMT+0968 (대한민국 표준시),67HELLO
74,bitcoingold,169,Fri Feb 19 2021 14:11:39 GMT+0969 (대한민국 표준시),68HELLO
75,litecoin,170,Fri Feb 19 2021 14:11:39 GMT+0970 (대한민국 표준시),69HELLO
76,elonmusk,171,Fri Feb 19 2021 14:11:39 GMT+0971 (대한민국 표준시),70HELLO
77,hashgraph,172,Fri Feb 19 2021 14:11:39 GMT+0972 (대한민국 표준시),71HELLO
78,bitcoingold,173,Fri Feb 19 2021 14:11:39 GMT+0973 (대한민국 표준시),72HELLO
79,litecoin,174,Fri Feb 19 2021 14:11:39 GMT+0974 (대한민국 표준시),73HELLO
80,elonmusk,175,Fri Feb 19 2021 14:11:39 GMT+0975 (대한민국 표준시),74HELLO
81,hashgraph,176,Fri Feb 19 2021 14:11:39 GMT+0976 (대한민국 표준시),75HELLO
82,bitcoingold,177,Fri Feb 19 2021 14:11:39 GMT+0977 (대한민국 표준시),76HELLO
83,litecoin,178,Fri Feb 19 2021 14:11:39 GMT+0978 (대한민국 표준시),77HELLO
84,elonmusk,179,Fri Feb 19 2021 14:11:39 GMT+0979 (대한민국 표준시),78HELLO
85,hashgraph,180,Fri Feb 19 2021 14:11:39 GMT+0980 (대한민국 표준시),79HELLO
86,bitcoingold,181,Fri Feb 19 2021 14:11:39 GMT+0981 (대한민국 표준시),80HELLO
87,litecoin,182,Fri Feb 19 2021 14:11:39 GMT+0982 (대한민국 표준시),81HELLO
88,elonmusk,183,Fri Feb 19 2021 14:11:39 GMT+0983 (대한민국 표준시),82HELLO
89,hashgraph,184,Fri Feb 19 2021 14:11:39 GMT+0984 (대한민국 표준시),83HELLO
90,bitcoingold,185,Fri Feb 19 2021 14:11:39 GMT+0985 (대한민국 표준시),84HELLO
91,litecoin,186,Fri Feb 19 2021 14:11:39 GMT+0986 (대한민국 표준시),85HELLO
92,elonmusk,187,Fri Feb 19 2021 14:11:39 GMT+0987 (대한민국 표준시),86HELLO
93,hashgraph,188,Fri Feb 19 2021 14:11:39 GMT+0988 (대한민국 표준시),87HELLO
94,bitcoingold,189,Fri Feb 19 2021 14:11:39 GMT+0989 (대한민국 표준시),88HELLO
95,litecoin,190,Fri Feb 19 2021 14:11:39 GMT+0990 (대한민국 표준시),89HELLO
96,elonmusk,191,Fri Feb 19 2021 14:11:39 GMT+0991 (대한민국 표준시),90HELLO
97,hashgraph,192,Fri Feb 19 2021 14:11:39 GMT+0992 (대한민국 표준시),91HELLO
98,bitcoingold,193,Fri Feb 19 2021 14:11:39 GMT+0993 (대한민국 표준시),92HELLO
99,litecoin,194,Fri Feb 19 2021 14:11:39 GMT+0994 (대한민국 표준시),93HELLO
